scope,model,category,canonical_primary_instances,aligned_primary,missing_not_generated_primary,jev_observed_primary,aligned_missing_jev_answer,unaligned_generated,excluded_subjective_instances,excluded_subjective_aligned,final_not_represented_aligned
domain,all,dayplan,92,65,27,65,0,2,4,3,0
domain,all,shift_schedule,158,158,0,158,0,0,2,2,0
model,gpt-6-luna,all,125,102,23,102,0,1,3,2,0
model,gpt-6.1-sol,all,125,121,4,121,0,1,3,3,0
model_provenance,gpt-6-luna,generator_derived,71,71,0,71,0,0,0,0,0
model_provenance,gpt-6-luna,human_reviewed,54,31,23,31,0,0,0,0,0
model_provenance,gpt-6-luna,subjective_excluded,0,0,0,0,0,0,3,2,0
model_provenance,gpt-6-luna,unaligned,0,0,0,0,0,1,0,0,0
model_provenance,gpt-6.1-sol,generator_derived,71,71,0,71,0,0,0,0,0
model_provenance,gpt-6.1-sol,human_reviewed,54,50,4,50,0,0,0,0,0
model_provenance,gpt-6.1-sol,subjective_excluded,0,0,0,0,0,0,3,3,0
model_provenance,gpt-6.1-sol,unaligned,0,0,0,0,0,1,0,0,0
model_question_type,gpt-6-luna,availability_applies,75,75,0,75,0,0,0,0,0
model_question_type,gpt-6-luna,constraint_hardness,8,3,5,3,0,1,0,0,0
model_question_type,gpt-6-luna,pref_weight,6,4,2,4,0,0,3,2,0
model_question_type,gpt-6-luna,task_mode,18,10,8,10,0,0,0,0,0
model_question_type,gpt-6-luna,task_requirement,18,10,8,10,0,0,0,0,0
model_question_type,gpt-6.1-sol,availability_applies,75,75,0,75,0,0,0,0,0
model_question_type,gpt-6.1-sol,constraint_hardness,8,8,0,8,0,1,0,0,0
model_question_type,gpt-6.1-sol,pref_weight,6,6,0,6,0,0,3,3,0
model_question_type,gpt-6.1-sol,task_mode,18,16,2,16,0,0,0,0,0
model_question_type,gpt-6.1-sol,task_requirement,18,16,2,16,0,0,0,0,0
overall,all,all,250,223,27,223,0,2,6,5,0
provenance,all,generator_derived,142,142,0,142,0,0,0,0,0
provenance,all,human_reviewed,108,81,27,81,0,0,0,0,0
provenance,all,subjective_excluded,0,0,0,0,0,0,6,5,0
provenance,all,unaligned,0,0,0,0,0,2,0,0,0
question_type,all,availability_applies,150,150,0,150,0,0,0,0,0
question_type,all,constraint_hardness,16,11,5,11,0,2,0,0,0
question_type,all,pref_weight,12,10,2,10,0,0,6,5,0
question_type,all,task_mode,36,26,10,26,0,0,0,0,0
question_type,all,task_requirement,36,26,10,26,0,0,0,0,0
