scope,model,category,canonical_eligible,aligned_observed,jev_observed,gpt_aligned_correct,gpt_aligned_denominator,gpt_aligned_accuracy,gpt_end_to_end_correct,gpt_end_to_end_denominator,gpt_end_to_end_accuracy,jev_aligned_correct,jev_aligned_denominator,jev_aligned_accuracy,jev_end_to_end_correct,jev_end_to_end_denominator,jev_end_to_end_accuracy,final_aligned_correct,final_aligned_denominator,final_aligned_accuracy,final_end_to_end_correct,final_end_to_end_denominator,final_end_to_end_accuracy
domain,all,dayplan,92,65,65,65,65,1.0,65,92,0.7065217391304348,65,65,1.0,65,92,0.7065217391304348,65,65,1.0,65,92,0.7065217391304348
domain,all,shift_schedule,158,158,158,158,158,1.0,158,158,1.0,143,158,0.9050632911392406,143,158,0.9050632911392406,151,158,0.9556962025316456,151,158,0.9556962025316456
model,gpt-6-luna,all,125,102,102,102,102,1.0,102,125,0.816,95,102,0.9313725490196079,95,125,0.76,98,102,0.9607843137254902,98,125,0.784
model,gpt-6.1-sol,all,125,121,121,121,121,1.0,121,125,0.968,113,121,0.9338842975206612,113,125,0.904,118,121,0.9752066115702479,118,125,0.944
model_provenance,gpt-6-luna,generator_derived,71,71,71,71,71,1.0,71,71,1.0,65,71,0.9154929577464789,65,71,0.9154929577464789,68,71,0.9577464788732394,68,71,0.9577464788732394
model_provenance,gpt-6-luna,human_reviewed,54,31,31,31,31,1.0,31,54,0.5740740740740741,30,31,0.967741935483871,30,54,0.5555555555555556,30,31,0.967741935483871,30,54,0.5555555555555556
model_provenance,gpt-6.1-sol,generator_derived,71,71,71,71,71,1.0,71,71,1.0,64,71,0.9014084507042254,64,71,0.9014084507042254,69,71,0.971830985915493,69,71,0.971830985915493
model_provenance,gpt-6.1-sol,human_reviewed,54,50,50,50,50,1.0,50,54,0.9259259259259259,49,50,0.98,49,54,0.9074074074074074,49,50,0.98,49,54,0.9074074074074074
model_question_type,gpt-6-luna,availability_applies,75,75,75,75,75,1.0,75,75,1.0,68,75,0.9066666666666666,68,75,0.9066666666666666,71,75,0.9466666666666667,71,75,0.9466666666666667
model_question_type,gpt-6-luna,constraint_hardness,8,3,3,3,3,1.0,3,8,0.375,3,3,1.0,3,8,0.375,3,3,1.0,3,8,0.375
model_question_type,gpt-6-luna,pref_weight,6,4,4,4,4,1.0,4,6,0.6666666666666666,4,4,1.0,4,6,0.6666666666666666,4,4,1.0,4,6,0.6666666666666666
model_question_type,gpt-6-luna,task_mode,18,10,10,10,10,1.0,10,18,0.5555555555555556,10,10,1.0,10,18,0.5555555555555556,10,10,1.0,10,18,0.5555555555555556
model_question_type,gpt-6-luna,task_requirement,18,10,10,10,10,1.0,10,18,0.5555555555555556,10,10,1.0,10,18,0.5555555555555556,10,10,1.0,10,18,0.5555555555555556
model_question_type,gpt-6.1-sol,availability_applies,75,75,75,75,75,1.0,75,75,1.0,67,75,0.8933333333333333,67,75,0.8933333333333333,72,75,0.96,72,75,0.96
model_question_type,gpt-6.1-sol,constraint_hardness,8,8,8,8,8,1.0,8,8,1.0,8,8,1.0,8,8,1.0,8,8,1.0,8,8,1.0
model_question_type,gpt-6.1-sol,pref_weight,6,6,6,6,6,1.0,6,6,1.0,6,6,1.0,6,6,1.0,6,6,1.0,6,6,1.0
model_question_type,gpt-6.1-sol,task_mode,18,16,16,16,16,1.0,16,18,0.8888888888888888,16,16,1.0,16,18,0.8888888888888888,16,16,1.0,16,18,0.8888888888888888
model_question_type,gpt-6.1-sol,task_requirement,18,16,16,16,16,1.0,16,18,0.8888888888888888,16,16,1.0,16,18,0.8888888888888888,16,16,1.0,16,18,0.8888888888888888
overall,all,all,250,223,223,223,223,1.0,223,250,0.892,208,223,0.9327354260089686,208,250,0.832,216,223,0.968609865470852,216,250,0.864
provenance,all,generator_derived,142,142,142,142,142,1.0,142,142,1.0,129,142,0.9084507042253521,129,142,0.9084507042253521,137,142,0.9647887323943662,137,142,0.9647887323943662
provenance,all,human_reviewed,108,81,81,81,81,1.0,81,108,0.75,79,81,0.9753086419753086,79,108,0.7314814814814815,79,81,0.9753086419753086,79,108,0.7314814814814815
question_type,all,availability_applies,150,150,150,150,150,1.0,150,150,1.0,135,150,0.9,135,150,0.9,143,150,0.9533333333333334,143,150,0.9533333333333334
question_type,all,constraint_hardness,16,11,11,11,11,1.0,11,16,0.6875,11,11,1.0,11,16,0.6875,11,11,1.0,11,16,0.6875
question_type,all,pref_weight,12,10,10,10,10,1.0,10,12,0.8333333333333334,10,10,1.0,10,12,0.8333333333333334,10,10,1.0,10,12,0.8333333333333334
question_type,all,task_mode,36,26,26,26,26,1.0,26,36,0.7222222222222222,26,26,1.0,26,36,0.7222222222222222,26,26,1.0,26,36,0.7222222222222222
question_type,all,task_requirement,36,26,26,26,26,1.0,26,36,0.7222222222222222,26,26,1.0,26,36,0.7222222222222222,26,26,1.0,26,36,0.7222222222222222
